[
  {
    "id": 1,
    "title": "Coca-cola",
    "description": "Coca-cola are <span class=\"label label-info\">25 USD each</span>",
    "price": 25
  },
  {
    "id": 2,
    "title": "Sprite",
    "description": "Sprite are <span class=\"label label-info\">30 USD each</span>",
    "price": 30
  },
  {
    "id": 3,
    "title": "Fanta",
    "description": "Fanta are <span class=\"label label-info\">15 USD each</span>",
    "price": 15
  },
  {
    "id": 4,
    "title": "Limca",
    "description": "Limca are <span class=\"label label-info\">50 USD each</span>, but are <span class=\"label label-warning\">available as 3 for the price of 2</span>",
    "price": 100
  }
]
